<?xml version="1.0" encoding="UTF-8"?>
<project-private xmlns="http://www.netbeans.org/ns/project-private/1">
    <editor-bookmarks xmlns="http://www.netbeans.org/ns/editor-bookmarks/2" lastBookmarkId="0"/>
    <open-files xmlns="http://www.netbeans.org/ns/projectui-open-files/2">
        <group>
            <file>file:/C:/wamp64/www/papel-arroz/admin/home.php</file>
            <file>file:/C:/wamp64/www/papel-arroz/frontend/menu-header.php</file>
            <file>file:/C:/wamp64/www/papel-arroz/frontend/home.php</file>
            <file>file:/C:/wamp64/www/papel-arroz/frontend/carrinho.php</file>
            <file>file:/C:/wamp64/www/papel-arroz/frontend/pedido-acompanhar.php</file>
        </group>
    </open-files>
</project-private>
